<?xml version="1.0" encoding="UTF-8"?>
<project-private xmlns="http://www.netbeans.org/ns/project-private/1">
    <editor-bookmarks xmlns="http://www.netbeans.org/ns/editor-bookmarks/2" lastBookmarkId="0"/>
    <open-files xmlns="http://www.netbeans.org/ns/projectui-open-files/2">
        <group>
            <file>file:/C:/xampp/htdocs/mvc/controllers/dashboard.php</file>
            <file>file:/C:/xampp/htdocs/mvc/views/dashboard/index.php</file>
            <file>file:/C:/xampp/htdocs/mvc/views/dashboard/js/default.js</file>
            <file>file:/C:/xampp/htdocs/mvc/models/dashboard_model.php</file>
        </group>
    </open-files>
</project-private>
